validation_date,model,P@R>=0.70,PR-AUC,ROC-AUC,n_train,n_valid,positive_rate_valid
2026-04-17,CatBoost,0.42727272727272725,0.6643579836736851,0.8496791719357407,9140,713,0.09256661991584852
2026-04-18,CatBoost,0.46835443037974683,0.6549774972024467,0.8841641210774783,9853,606,0.0858085808580858
2026-04-19,CatBoost,0.6666666666666666,0.710813381843732,0.9507667473769168,10459,632,0.06645569620253164
2026-04-17,HistGradientBoosting,0.44761904761904764,0.6730578975606887,0.8649477776216571,9140,713,0.09256661991584852
2026-04-18,HistGradientBoosting,0.4111111111111111,0.6711425536462509,0.8754165509580673,9853,606,0.0858085808580858
2026-04-19,HistGradientBoosting,0.6122448979591837,0.7126949753264537,0.9451573849878934,10459,632,0.06645569620253164
2026-04-17,RF_leaf_10,0.3700787401574803,0.6181323987565628,0.8510140040279144,9140,713,0.09256661991584852
2026-04-18,RF_leaf_10,0.3523809523809524,0.5566601881858042,0.8462926964732019,9853,606,0.0858085808580858
2026-04-19,RF_leaf_10,0.5084745762711864,0.6282416062953022,0.9366424535916061,10459,632,0.06645569620253164
